feature,importance
CustomerLifetime,0.42262322120267215
Frequency,0.19997660008440665
TotalTransactions,0.09990887147392144
TotalSpent,0.08378753656412866
TotalQuantity,0.06928955043689614
UniqueProducts,0.05479201863224471
AvgOrderValue,0.032244407271740036
AvgQuantity,0.03158931323535856
Country_encoded,0.005788481098631729
